{
  "report_metadata": {
    "timestamp": "2025-07-20T15:58:43.787632",
    "run_name": "OCR",
    "total_episodes": 25,
    "datasets": [
      "general",
      "google_apps",
      "install",
      "single",
      "web_shopping"
    ],
    "ocr_module": true,
    "evaluation_framework": "mmllm-aitw-benchmarking",
    "parallel_processing": {
      "max_workers": 5,
      "batch_size": 1,
      "enabled": true
    }
  },
  "overall_metrics": {
    "accuracy": 0.42011834319526625,
    "success_rate": 14.733333333333333,
    "precision": 0.42011834319526625,
    "recall": 0.42011834319526625,
    "f1_score": 0.42011834319526625,
    "total_episodes": 25,
    "total_steps": 169
  },
  "dataset_metrics": {
    "general": {
      "accuracy": 0.38461538461538464,
      "success_rate": 14.444444444444446,
      "precision": 0.38461538461538464,
      "recall": 0.38461538461538464,
      "f1_score": 0.38461538461538464,
      "total_episodes": 5,
      "total_steps": 26
    },
    "google_apps": {
      "accuracy": 0.5641025641025641,
      "success_rate": 28.0,
      "precision": 0.5641025641025641,
      "recall": 0.5641025641025641,
      "f1_score": 0.5641025641025641,
      "total_episodes": 5,
      "total_steps": 39
    },
    "install": {
      "accuracy": 0.3,
      "success_rate": 4.0,
      "precision": 0.3,
      "recall": 0.3,
      "f1_score": 0.3,
      "total_episodes": 5,
      "total_steps": 50
    },
    "single": {
      "accuracy": 0.5333333333333333,
      "success_rate": 18.333333333333332,
      "precision": 0.5333333333333333,
      "recall": 0.5333333333333333,
      "f1_score": 0.5333333333333333,
      "total_episodes": 5,
      "total_steps": 15
    },
    "web_shopping": {
      "accuracy": 0.41025641025641024,
      "success_rate": 8.88888888888889,
      "precision": 0.41025641025641024,
      "recall": 0.41025641025641024,
      "f1_score": 0.41025641025641024,
      "total_episodes": 5,
      "total_steps": 39
    }
  },
  "configuration": {
    "dataset_names": [
      "general",
      "google_apps",
      "install",
      "single",
      "web_shopping"
    ],
    "ocr_module": true,
    "start_episode": 0,
    "end_episode": 5,
    "max_steps_per_episode": 10,
    "max_workers": 5,
    "batch_size": 1
  },
  "episode_results": [
    {
      "episode_id": "9027843537045096280",
      "dataset_name": "general",
      "success_rate": 50.0,
      "step_accuracy": 50.0,
      "total_steps": 2,
      "steps_completed": 1,
      "goal": "Open a new Chrome window"
    },
    {
      "episode_id": "2247237893045084693",
      "dataset_name": "general",
      "success_rate": 0.0,
      "step_accuracy": 50.0,
      "total_steps": 4,
      "steps_completed": 2,
      "goal": "Open the calendar and show me this week's events?"
    },
    {
      "episode_id": "12224608131504749719",
      "dataset_name": "general",
      "success_rate": 0.0,
      "step_accuracy": 0.0,
      "total_steps": 5,
      "steps_completed": 0,
      "goal": "How much does a 2x4x8 board cost at Lowes?"
    },
    {
      "episode_id": "1307957808436696980",
      "dataset_name": "general",
      "success_rate": 0.0,
      "step_accuracy": 16.666666666666664,
      "total_steps": 6,
      "steps_completed": 1,
      "goal": "Google the capital of Mexico"
    },
    {
      "episode_id": "12172380859428428757",
      "dataset_name": "general",
      "success_rate": 22.22222222222222,
      "step_accuracy": 66.66666666666666,
      "total_steps": 9,
      "steps_completed": 6,
      "goal": "Open a new Chrome private window"
    },
    {
      "episode_id": "14770340038214612994",
      "dataset_name": "google_apps",
      "success_rate": 0.0,
      "step_accuracy": 40.0,
      "total_steps": 5,
      "steps_completed": 2,
      "goal": "turn off data saver in the chrome app"
    },
    {
      "episode_id": "9199214241637337474",
      "dataset_name": "google_apps",
      "success_rate": 40.0,
      "step_accuracy": 55.55555555555556,
      "total_steps": 9,
      "steps_completed": 5,
      "goal": "check android version"
    },
    {
      "episode_id": "18080436103564134860",
      "dataset_name": "google_apps",
      "success_rate": 60.0,
      "step_accuracy": 60.0,
      "total_steps": 5,
      "steps_completed": 3,
      "goal": "set an alarm"
    },
    {
      "episode_id": "2699886024896090523",
      "dataset_name": "google_apps",
      "success_rate": 0.0,
      "step_accuracy": 50.0,
      "total_steps": 10,
      "steps_completed": 5,
      "goal": "turn off javascript in the chrome app"
    },
    {
      "episode_id": "4876210647967124985",
      "dataset_name": "google_apps",
      "success_rate": 40.0,
      "step_accuracy": 70.0,
      "total_steps": 10,
      "steps_completed": 7,
      "goal": "turn off improve location accuracy"
    },
    {
      "episode_id": "17214275246512467225",
      "dataset_name": "install",
      "success_rate": 0.0,
      "step_accuracy": 30.0,
      "total_steps": 10,
      "steps_completed": 3,
      "goal": "open app \"DoorDash - Food Delivery\" (install if not already installed)"
    },
    {
      "episode_id": "10480948123077773417",
      "dataset_name": "install",
      "success_rate": 10.0,
      "step_accuracy": 40.0,
      "total_steps": 10,
      "steps_completed": 4,
      "goal": "uninstall \"Microsoft Authenticator\""
    },
    {
      "episode_id": "12392813483097983868",
      "dataset_name": "install",
      "success_rate": 0.0,
      "step_accuracy": 30.0,
      "total_steps": 10,
      "steps_completed": 3,
      "goal": "install app \"ColorNote Notepad Notes\""
    },
    {
      "episode_id": "7935374187189958968",
      "dataset_name": "install",
      "success_rate": 0.0,
      "step_accuracy": 20.0,
      "total_steps": 10,
      "steps_completed": 2,
      "goal": "open app \"DoorDash - Dasher\" (install if not already installed)"
    },
    {
      "episode_id": "11595374306188102432",
      "dataset_name": "install",
      "success_rate": 10.0,
      "step_accuracy": 30.0,
      "total_steps": 10,
      "steps_completed": 3,
      "goal": "uninstall \"Flipkart Online Shopping App\""
    },
    {
      "episode_id": "3481882310895889519.671-698.Add to cart",
      "dataset_name": "single",
      "success_rate": 0.0,
      "step_accuracy": 0.0,
      "total_steps": 1,
      "steps_completed": 0,
      "goal": "Add to cart"
    },
    {
      "episode_id": "3481882310895889519.511-620.Go to lg ultragear",
      "dataset_name": "single",
      "success_rate": 0.0,
      "step_accuracy": 0.0,
      "total_steps": 1,
      "steps_completed": 0,
      "goal": "Go to lg ultragear"
    },
    {
      "episode_id": "3481882310895889519.400-620.Go to ebay search bar and search lg ultragear",
      "dataset_name": "single",
      "success_rate": 0.0,
      "step_accuracy": 66.66666666666666,
      "total_steps": 3,
      "steps_completed": 2,
      "goal": "Go to ebay search bar and search lg ultragear"
    },
    {
      "episode_id": "3481882310895889519.620-698.Open first result and go to cart section, then Add to cart",
      "dataset_name": "single",
      "success_rate": 25.0,
      "step_accuracy": 50.0,
      "total_steps": 4,
      "steps_completed": 2,
      "goal": "Open first result and go to cart section, then Add to cart"
    },
    {
      "episode_id": "3481882310895889519.154-400.go to google search bar and search & open ebay.com in chrome",
      "dataset_name": "single",
      "success_rate": 66.66666666666666,
      "step_accuracy": 66.66666666666666,
      "total_steps": 6,
      "steps_completed": 4,
      "goal": "go to google search bar and search & open ebay.com in chrome"
    },
    {
      "episode_id": "8441259279369415380",
      "dataset_name": "web_shopping",
      "success_rate": 0.0,
      "step_accuracy": 50.0,
      "total_steps": 4,
      "steps_completed": 2,