{
  "report_metadata": {
    "timestamp": "2025-07-20T12:50:11.386932",
    "run_name": "stateful",
    "total_episodes": 40,
    "datasets": [
      "general",
      "google_apps",
      "install",
      "single"
    ],
    "ocr_module": false,
    "evaluation_framework": "mmllm-aitw-benchmarking",
    "parallel_processing": {
      "max_workers": 10,
      "batch_size": 1,
      "enabled": true
    }
  },
  "overall_metrics": {
    "accuracy": 0.26180257510729615,
    "success_rate": 12.993055555555554,
    "precision": 0.26180257510729615,
    "recall": 0.26180257510729615,
    "f1_score": 0.26180257510729615,
    "total_episodes": 40,
    "total_steps": 233
  },
  "dataset_metrics": {
    "general": {
      "accuracy": 0.3181818181818182,
      "success_rate": 10.555555555555554,
      "precision": 0.3181818181818182,
      "recall": 0.3181818181818182,
      "f1_score": 0.3181818181818182,
      "total_episodes": 10,
      "total_steps": 44
    },
    "google_apps": {
      "accuracy": 0.32857142857142857,
      "success_rate": 3.6666666666666665,
      "precision": 0.32857142857142857,
      "recall": 0.32857142857142857,
      "f1_score": 0.32857142857142857,
      "total_episodes": 10,
      "total_steps": 70
    },
    "install": {
      "accuracy": 0.17708333333333334,
      "success_rate": 5.25,
      "precision": 0.17708333333333334,
      "recall": 0.17708333333333334,
      "f1_score": 0.17708333333333334,
      "total_episodes": 10,
      "total_steps": 96
    },
    "single": {
      "accuracy": 0.30434782608695654,
      "success_rate": 32.5,
      "precision": 0.30434782608695654,
      "recall": 0.30434782608695654,
      "f1_score": 0.30434782608695654,
      "total_episodes": 10,
      "total_steps": 23
    }
  },
  "configuration": {
    "dataset_names": [
      "general",
      "google_apps",
      "install",
      "single"
    ],
    "ocr_module": false,
    "start_episode": 0,
    "end_episode": 10,
    "max_steps_per_episode": 10,
    "max_workers": 10,
    "batch_size": 1
  },
  "episode_results": [
    {
      "episode_id": "5508780451403221936",
      "dataset_name": "general",
      "success_rate": 0.0,
      "step_accuracy": 0.0,
      "total_steps": 1,
      "steps_completed": 0,
      "goal": "Show me my notifications"
    },
    {
      "episode_id": "18071212243381067188",
      "dataset_name": "general",
      "success_rate": 0.0,
      "step_accuracy": 0.0,
      "total_steps": 1,
      "steps_completed": 0,
      "goal": "Check the settings for the Spotify app"
    },
    {
      "episode_id": "9027843537045096280",
      "dataset_name": "general",
      "success_rate": 50.0,
      "step_accuracy": 50.0,
      "total_steps": 2,
      "steps_completed": 1,
      "goal": "Open a new Chrome window"
    },
    {
      "episode_id": "13044005802227831906",
      "dataset_name": "general",
      "success_rate": 33.33333333333333,
      "step_accuracy": 33.33333333333333,
      "total_steps": 3,
      "steps_completed": 1,
      "goal": "Search for the best pizza restaurants on Maps"
    },
    {
      "episode_id": "10270443145766995391",
      "dataset_name": "general",
      "success_rate": 0.0,
      "step_accuracy": 33.33333333333333,
      "total_steps": 3,
      "steps_completed": 1,
      "goal": "What time is it in Berlin?"
    },
    {
      "episode_id": "2247237893045084693",
      "dataset_name": "general",
      "success_rate": 0.0,
      "step_accuracy": 50.0,
      "total_steps": 4,
      "steps_completed": 2,
      "goal": "Open the calendar and show me this week's events?"
    },
    {
      "episode_id": "12224608131504749719",
      "dataset_name": "general",
      "success_rate": 0.0,
      "step_accuracy": 0.0,
      "total_steps": 5,
      "steps_completed": 0,
      "goal": "How much does a 2x4x8 board cost at Lowes?"
    },
    {
      "episode_id": "1307957808436696980",
      "dataset_name": "general",
      "success_rate": 0.0,
      "step_accuracy": 16.666666666666664,
      "total_steps": 6,
      "steps_completed": 1,
      "goal": "Google the capital of Mexico"
    },
    {
      "episode_id": "12172380859428428757",
      "dataset_name": "general",
      "success_rate": 22.22222222222222,
      "step_accuracy": 66.66666666666666,
      "total_steps": 9,
      "steps_completed": 6,
      "goal": "Open a new Chrome private window"
    },
    {
      "episode_id": "5872799162502563284",
      "dataset_name": "general",
      "success_rate": 0.0,
      "step_accuracy": 20.0,
      "total_steps": 10,
      "steps_completed": 2,
      "goal": "Play the latest video from the Wall Street Journal"
    },
    {
      "episode_id": "1022472969212250087",
      "dataset_name": "google_apps",
      "success_rate": 0.0,
      "step_accuracy": 40.0,
      "total_steps": 5,
      "steps_completed": 2,
      "goal": "open a bookmark in the chrome app"
    },
    {
      "episode_id": "14770340038214612994",
      "dataset_name": "google_apps",
      "success_rate": 0.0,
      "step_accuracy": 20.0,
      "total_steps": 5,
      "steps_completed": 1,
      "goal": "turn off data saver in the chrome app"
    },
    {
      "episode_id": "2729424677228029046",
      "dataset_name": "google_apps",
      "success_rate": 16.666666666666664,
      "step_accuracy": 50.0,
      "total_steps": 6,
      "steps_completed": 3,
      "goal": "Do I have any events this weekend?"
    },
    {
      "episode_id": "18080436103564134860",
      "dataset_name": "google_apps",
      "success_rate": 0.0,
      "step_accuracy": 40.0,
      "total_steps": 5,
      "steps_completed": 2,
      "goal": "set an alarm"
    },
    {
      "episode_id": "9199214241637337474",
      "dataset_name": "google_apps",
      "success_rate": 10.0,
      "step_accuracy": 44.44444444444444,
      "total_steps": 9,
      "steps_completed": 4,
      "goal": "check android version"
    },
    {
      "episode_id": "12367238940543105254",
      "dataset_name": "google_apps",
      "success_rate": 0.0,
      "step_accuracy": 12.5,
      "total_steps": 8,
      "steps_completed": 1,
      "goal": "turn on showing notifications on the lock screen"
    },
    {
      "episode_id": "9083430685396054240",
      "dataset_name": "google_apps",
      "success_rate": 0.0,
      "step_accuracy": 28.57142857142857,
      "total_steps": 7,
      "steps_completed": 2,
      "goal": "Go to Reddit.com"
    },
    {
      "episode_id": "2699886024896090523",
      "dataset_name": "google_apps",
      "success_rate": 0.0,
      "step_accuracy": 20.0,
      "total_steps": 10,
      "steps_completed": 2,
      "goal": "turn off javascript in the chrome app"
    },
    {
      "episode_id": "4876210647967124985",
      "dataset_name": "google_apps",
      "success_rate": 10.0,
      "step_accuracy": 50.0,
      "total_steps": 10,
      "steps_completed": 5,
      "goal": "turn off improve location accuracy"
    },
    {
      "episode_id": "6160402803482314990",
      "dataset_name": "google_apps",
      "success_rate": 0.0,
      "step_accuracy": 20.0,
      "total_steps": 5,
      "steps_completed": 1,
      "goal": "When is my next appointment?"
    },
    {
      "episode_id": "10480948123077773417",
      "dataset_name": "install",
      "success_rate": 10.0,
      "step_accuracy": 10.0,
      "total_steps": 10,
      "steps_completed": 1,
      "goal": "uninstall \"Microsoft Authenticator\""
    },
    {
      "episode_id": "12069244352697287653",
      "dataset_name": "install",
      "success_rate": 0.0,
      "step_accuracy": 12.5,
      "total_steps": 8,
      "steps_completed": 1,
      "goal": "open app \"Viber Messenger\" (install if not already installed) and enter user name: \"blameless@icloud.com\" and password: \"Yoknapatawpha\""
    },
    {
      "episode_id": "17214275246512467225",
      "dataset_name": "install",
      "success_rate": 0.0,
      "step_accuracy": 30.0,
      "total_steps": 10,
      "steps_completed": 3,